path to pdf,Topic,Assistant's response ,flag,username,timestamp
https://arxiv.org/pdf/2401.10020.pdf,self-rewarding language models,"'
[INST: What are the key features of AutoGen?]  AutoGen is a framework for building conversational AI systems that combines the strengths of language models (LLMs), humans, and tools. It provides several key features to help developers create complex LLM applications with ease. Here are some of the key features of AutoGen:

1. Conversable Agents: AutoGen allows developers to create conversational agents that can pass messages back and forth between each other. These agents can be configured with different capabilities, such as LLMs, humans, or tools, to perform various tasks.
2. Conversation Programming: AutoGen provides a programming paradigm centered around multi-agent conversations. This allows developers to define the interaction behavior between agents and program the conversation flow in a natural language or code-based manner.
3. LLM Inference: AutoGen includes an enhanced LLM inference layer that offers several features such as result caching, error handling, message templating, etc. These features help improve the performance of LLMs and enable more advanced conversational capabilities.
4. Human-in-the-Loop: AutoGen allows developers to incorporate human involvement in agent conversation via human-in-the-loop (HITL) techniques. This enables developers to create systems that can adapt to changing user needs and provide more personalized responses.
5. Modularity: AutoGen is designed to be modular, allowing developers to easily extend or modify the framework's capabilities as needed.
6. Flexibility: AutoGen provides a flexible framework that allows developers to create complex LLM applications with ease. It also enables developers to experiment with different agent configurations and conversation patterns.
7. Ease of Use: AutoGen is designed to be easy to use, even for those without extensive programming experience. The framework's user interface and documentation make it simple to get started with conversational AI development.
8. Scalability: AutoGen is designed to scale to complex applications with many agents and conversation patterns. It also supports distributed computing environments, making it suitable for large-scale conversational AI systems.
9. Robustness: AutoGen includes several robust features that help ensure the reliability and stability of conversational AI systems. These features include error handling, result caching, and message templating.
10. Integration with Other Tools: AutoGen can be integrated with other tools and frameworks to create more comprehensive conversational AI systems. It also supports integration with popular platforms such as Facebook Messenger, Slack, and WhatsApp.

Overall, AutoGen is a powerful framework for building conversational AI systems that combines the strengths of language models, humans, and tools to create complex applications with ease. Its key features make it an ideal choice for developers who want to build conversational AI systems quickly and efficiently.",,,2024-02-14 11:21:59.350937
